Clyde He, gnokii-clyde-he
Helena Bartosova, eischmann
Everaldo Coelho, gnokii-everaldo-coelho
haven1, haven1
lhirlimann, lhirlimann
noe38330, noe38330
hhlp, hhlp
ahalman, ahalman
n8inup, n8inup
Hendrik Borghorst, djselbeck
Alexander Hanauer, alexh83
Matthew Andersen, mattandersen
psav, psav
